Stock,FC_Year,ModelLabel,Age,PointFC,AvgRankByAge,p10,p25,p50,p75,p90,System
Bonneville Lock & Dam,2021,Naive4,Age 3,12343,5.166666666666667,893,3408,9634,27017,59622,Columbia River
Bonneville Lock & Dam,2021,Naive4,Age 4,148401,5.5,27913,54496,120954,235418,422078,Columbia River
Bonneville Lock & Dam,2021,Naive4,Age 5,10781,6.5,2255,3961,9405,17630,32392,Columbia River
Bonneville Lock & Dam,2021,Naive4,Total,171525,5.666666666666667,44881,85486,152018,264813,381342,Columbia River
Bonneville Lock & Dam,2021,Naive8,Age 3,21529,2.5,2165,5318,14883,39077,80812,Columbia River
Bonneville Lock & Dam,2021,Naive8,Age 4,251367,5.333333333333333,44719,98965,212459,397454,684481,Columbia River
Bonneville Lock & Dam,2021,Naive8,Age 5,19477,5.333333333333333,3223,7265,16336,33943,57547,Columbia River
Bonneville Lock & Dam,2021,Naive8,Total,292373,5.416666666666667,76772,147252,255628,421866,604328,Columbia River
Bonneville Lock & Dam,2021,SibRegSimple,Age 3,10369,3,812,3146,8487,21866,44499,Columbia River
Bonneville Lock & Dam,2021,SibRegSimple,Age 4,24021,3.5,6809,12324,21379,35530,54722,Columbia River
Bonneville Lock & Dam,2021,SibRegSimple,Age 5,27623,2.8333333333333335,9824,16132,24203,37918,53249,Columbia River
Bonneville Lock & Dam,2021,SibRegSimple,Total,62013,4.333333333333333,26765,39222,57143,76968,101246,Columbia River
Bonneville Lock & Dam,2021,SibRegLogPower,Age 3,10369,3,1072,2851,8389,21832,43130,Columbia River
Bonneville Lock & Dam,2021,SibRegLogPower,Age 4,84672,2.3333333333333335,32250,47650,74483,115494,159384,Columbia River
Bonneville Lock & Dam,2021,SibRegLogPower,Age 5,33738,4.166666666666667,13441,20246,32948,47872,64012,Columbia River
Bonneville Lock & Dam,2021,SibRegLogPower,Total,128779,2.3333333333333335,67659,90172,116755,150299,177842,Columbia River
Bonneville Lock & Dam,2021,SibRegKalman,Age 3,10369,3,1082,2904,8742,23946,47916,Columbia River
Bonneville Lock & Dam,2021,SibRegKalman,Age 4,146667,2.5,36862,63066,119423,216050,324314,Columbia River
Bonneville Lock & Dam,2021,SibRegKalman,Age 5,26581,2.5,8915,14934,25277,38570,53274,Columbia River
Bonneville Lock & Dam,2021,SibRegKalman,Total,183616,2.3333333333333335,65353,110486,167434,254129,337434,Columbia River
Bonneville Lock & Dam,2021,TimeSeriesArimaBC,Age 3,8241,7.166666666666667,726,2326,6440,20806,43935,Columbia River
Bonneville Lock & Dam,2021,TimeSeriesArimaBC,Age 4,233352,7.666666666666667,35981,82557,201868,450206,728629,Columbia River
Bonneville Lock & Dam,2021,TimeSeriesArimaBC,Age 5,6304,4,1368,2700,5677,10521,17706,Columbia River
Bonneville Lock & Dam,2021,TimeSeriesArimaBC,Total,247897,7.833333333333333,53860,102566,212235,370792,628640,Columbia River
Bonneville Lock & Dam,2021,TimeSeriesArimaNoBC,Age 3,9789,8.5,249,1156,5443,32503,101491,Columbia River
Bonneville Lock & Dam,2021,TimeSeriesArimaNoBC,Age 4,125135,5.833333333333333,25683,48951,104109,204901,308524,Columbia River
Bonneville Lock & Dam,2021,TimeSeriesArimaNoBC,Age 5,8670,5.5,1641,3468,7581,15444,26576,Columbia River
Bonneville Lock & Dam,2021,TimeSeriesArimaNoBC,Total,143594,4.5,37788,68984,116400,213483,304754,Columbia River
Bonneville Lock & Dam,2021,TimeSeriesExpSmoothBC,Age 3,16385,6.166666666666667,1484,5015,12264,38487,88643,Columbia River
Bonneville Lock & Dam,2021,TimeSeriesExpSmoothBC,Age 4,234208,7,47757,95065,214150,426830,712112,Columbia River
Bonneville Lock & Dam,2021,TimeSeriesExpSmoothBC,Age 5,6882,7,1455,3136,5967,12300,23096,Columbia River
Bonneville Lock & Dam,2021,TimeSeriesExpSmoothBC,Total,257475,7.166666666666667,71480,129558,226815,399940,572664,Columbia River
Bonneville Lock & Dam,2021,TimeSeriesExpSmoothNoBC,Age 3,14611,6.5,974,3522,11538,32708,67707,Columbia River
Bonneville Lock & Dam,2021,TimeSeriesExpSmoothNoBC,Age 4,223623,5.333333333333333,44936,87339,193860,424946,728593,Columbia River
Bonneville Lock & Dam,2021,TimeSeriesExpSmoothNoBC,Age 5,15046,7.166666666666667,2685,5402,14193,31000,53530,Columbia River
Bonneville Lock & Dam,2021,TimeSeriesExpSmoothNoBC,Total,253279,5.416666666666667,59523,109160,205682,340819,539586,Columbia River
Bonneville Lock & Dam,2022,Naive4,Age 3,19841,5.166666666666667,1398,4716,17545,50072,119160,Columbia River
Bonneville Lock & Dam,2022,Naive4,Age 4,159625,5.583333333333333,36532,66240,136040,279936,453191,Columbia River
Bonneville Lock & Dam,2022,Naive4,Age 5,8076,6.25,1409,3464,7124,13717,23708,Columbia River
Bonneville Lock & Dam,2022,Naive4,Total,187542,5,49365,90402,154996,276800,439062,Columbia River
Bonneville Lock & Dam,2022,Naive8,Age 3,22678,2,2531,6879,17185,50968,94195,Columbia River
Bonneville Lock & Dam,2022,Naive8,Age 4,247768,5.416666666666667,46832,94328,215963,410724,737116,Columbia River
Bonneville Lock & Dam,2022,Naive8,Age 5,17709,4.916666666666667,3907,7396,15907,32654,55965,Columbia River
Bonneville Lock & Dam,2022,Naive8,Total,288156,6.416666666666667,76865,152868,251613,402984,613196,Columbia River
Bonneville Lock & Dam,2022,SibRegSimple,Age 3,18153,3.5,1727,4284,12536,38750,71081,Columbia River
Bonneville Lock & Dam,2022,SibRegSimple,Age 4,338453,3.5,83315,151516,317377,544013,795160,Columbia River
Bonneville Lock & Dam,2022,SibRegSimple,Age 5,7109,2.8333333333333335,2646,4368,6715,10174,14776,Columbia River
Bonneville Lock & Dam,2022,SibRegSimple,Total,363715,4.333333333333333,139751,219970,339659,483670,614120,Columbia River
Bonneville Lock & Dam,2022,SibRegLogPower,Age 3,18153,3.5,1859,4367,13133,33712,62520,Columbia River
Bonneville Lock & Dam,2022,SibRegLogPower,Age 4,361897,2.3333333333333335,138308,209348,329687,516622,698628,Columbia River
Bonneville Lock & Dam,2022,SibRegLogPower,Age 5,14949,4.166666666666667,5471,8408,13578,21498,29519,Columbia River
Bonneville Lock & Dam,2022,SibRegLogPower,Total,394999,2.3333333333333335,208964,273018,354156,479030,561749,Columbia River
Bonneville Lock & Dam,2022,SibRegKalman,Age 3,18153,3.5,1813,6032,15992,38977,71721,Columbia River
Bonneville Lock & Dam,2022,SibRegKalman,Age 4,336506,2.5,79757,154944,298441,494554,764142,Columbia River
Bonneville Lock & Dam,2022,SibRegKalman,Age 5,11815,2.5,4457,7069,11071,16548,23211,Columbia River
Bonneville Lock & Dam,2022,SibRegKalman,Total,366474,2.3333333333333335,144397,218082,341677,501794,657922,Columbia River
Bonneville Lock & Dam,2022,TimeSeriesArimaBC,Age 3,11393,7.166666666666667,914,2542,8319,26971,65367,Columbia River
Bonneville Lock & Dam,2022,TimeSeriesArimaBC,Age 4,226554,7.666666666666667,38555,80327,185839,390532,756384,Columbia River
Bonneville Lock & Dam,2022,TimeSeriesArimaBC,Age 5,17286,4.25,4410,9040,15830,30020,52722,Columbia River
Bonneville Lock & Dam,2022,TimeSeriesArimaBC,Total,255234,7.666666666666667,47051,109322,223973,419637,691140,Columbia River
Bonneville Lock & Dam,2022,TimeSeriesArimaNoBC,Age 3,19912,8.5,483,2046,12324,61267,189375,Columbia River
Bonneville Lock & Dam,2022,TimeSeriesArimaNoBC,Age 4,260897,5.75,50101,106607,213825,459120,776815,Columbia River
Bonneville Lock & Dam,2022,TimeSeriesArimaNoBC,Age 5,16543,5.75,3203,6915,15759,31154,55256,Columbia River
Bonneville Lock & Dam,2022,TimeSeriesArimaNoBC,Total,297352,4.333333333333333,83670,140154,262849,450278,623468,Columbia River
Bonneville Lock & Dam,2022,TimeSeriesExpSmoothBC,Age 3,11648,5.166666666666667,1023,2851,8235,22570,46549,Columbia River
Bonneville Lock & Dam,2022,TimeSeriesExpSmoothBC,Age 4,229349,7,42744,81808,189397,373520,631943,Columbia River
Bonneville Lock & Dam,2022,TimeSeriesExpSmoothBC,Age 5,15110,7.166666666666667,3038,5536,13281,29856,48330,Columbia River
Bonneville Lock & Dam,2022,TimeSeriesExpSmoothBC,Total,256106,7,67428,120170,220702,377362,546012,Columbia River
Bonneville Lock & Dam,2022,TimeSeriesExpSmoothNoBC,Age 3,21771,6.5,1909,5038,17706,52729,132000,Columbia River
Bonneville Lock & Dam,2022,TimeSeriesExpSmoothNoBC,Age 4,195308,5.25,32832,75856,156819,298736,516409,Columbia River
Bonneville Lock & Dam,2022,TimeSeriesExpSmoothNoBC,Age 5,15674,7.166666666666667,3212,6152,13668,30608,47284,Columbia River
Bonneville Lock & Dam,2022,TimeSeriesExpSmoothNoBC,Total,232754,5.583333333333333,62969,108160,184967,326828,507774,Columbia River
Bonneville Lock & Dam,2023,Naive4,Age 3,22938,5.166666666666667,1648,5280,16422,46238,103915,Columbia River
Bonneville Lock & Dam,2023,Naive4,Age 4,271047,5.916666666666667,49601,102082,221493,414226,657053,Columbia River
Bonneville Lock & Dam,2023,Naive4,Age 5,10956,6.833333333333333,2251,5194,10488,19596,32297,Columbia River
Bonneville Lock & Dam,2023,Naive4,Total,304941,6.166666666666667,86860,156907,269394,444598,622628,Columbia River
Bonneville Lock & Dam,2023,Naive8,Age 3,13376,2,1561,4057,10204,26149,59948,Columbia River
Bonneville Lock & Dam,2023,Naive8,Age 4,262089,5.166666666666667,52200,95497,230677,428858,732391,Columbia River
Bonneville Lock & Dam,2023,Naive8,Age 5,18825,4.916666666666667,3687,8348,16906,34463,57107,Columbia River
Bonneville Lock & Dam,2023,Naive8,Total,294290,5.583333333333333,80324,160931,255417,480774,658073,Columbia River
Bonneville Lock & Dam,2023,SibRegSimple,Age 3,18490,3.6666666666666665,2250,5700,16024,37664,77344,Columbia River
Bonneville Lock & Dam,2023,SibRegSimple,Age 4,117710,3.6666666666666665,28929,50390,101104,177847,260006,Columbia River
Bonneville Lock & Dam,2023,SibRegSimple,Age 5,51276,2.8333333333333335,20611,32419,51321,80904,110788,Columbia River
Bonneville Lock & Dam,2023,SibRegSimple,Total,187476,4.5,76065,112756,171491,246630,300143,Columbia River
Bonneville Lock & Dam,2023,SibRegLogPower,Age 3,18490,3.6666666666666665,2340,5530,17293,44519,100980,Columbia River
Bonneville Lock & Dam,2023,SibRegLogPower,Age 4,202133,2.3333333333333335,78434,121675,186290,280562,378091,Columbia River
Bonneville Lock & Dam,2023,SibRegLogPower,Age 5,48498,4.166666666666667,18391,28591,45007,67618,94481,Columbia River
Bonneville Lock & Dam,2023,SibRegLogPower,Total,269121,2.1666666666666665,123914,183707,242112,310934,375133,Columbia River
Bonneville Lock & Dam,2023,SibRegKalman,Age 3,18490,3.6666666666666665,2070,5766,15196,44168,84806,Columbia River
Bonneville Lock & Dam,2023,SibRegKalman,Age 4,217171,2.1666666666666665,60675,105702,190939,335136,524068,Columbia River
Bonneville Lock & Dam,2023,SibRegKalman,Age 5,43201,2.5,14956,24231,38242,58176,86345,Columbia River
Bonneville Lock & Dam,2023,SibRegKalman,Total,278862,2.1666666666666665,112706,172138,268664,393766,521207,Columbia River
Bonneville Lock & Dam,2023,TimeSeriesArimaBC,Age 3,25866,7.166666666666667,2630,7140,20959,55988,125581,Columbia River
Bonneville Lock & Dam,2023,TimeSeriesArimaBC,Age 4,334398,7.75,56646,119590,286127,634150,1052132,Columbia River
Bonneville Lock & Dam,2023,TimeSeriesArimaBC,Age 5,14318,4.25,3674,7194,14186,27188,39824,Columbia River
Bonneville Lock & Dam,2023,TimeSeriesArimaBC,Total,374581,7.666666666666667,94777,163779,331259,597648,962881,Columbia River
Bonneville Lock & Dam,2023,TimeSeriesArimaNoBC,Age 3,18646,8,350,2430,12975,53716,173197,Columbia River
Bonneville Lock & Dam,2023,TimeSeriesArimaNoBC,Age 4,210213,5,45310,87058,181535,386188,625024,Columbia River
Bonneville Lock & Dam,2023,TimeSeriesArimaNoBC,Age 5,14913,5.5,3329,6553,13783,25830,45593,Columbia River
Bonneville Lock & Dam,2023,TimeSeriesArimaNoBC,Total,243773,3.8333333333333335,75387,118330,202928,363957,526084,Columbia River
Bonneville Lock & Dam,2023,TimeSeriesExpSmoothBC,Age 3,23895,5.166666666666667,1945,5860,16907,48676,93361,Columbia River
Bonneville Lock & Dam,2023,TimeSeriesExpSmoothBC,Age 4,326825,7.166666666666667,77914,148176,297427,588560,1025947,Columbia River
Bonneville Lock & Dam,2023,TimeSeriesExpSmoothBC,Age 5,14387,6.833333333333333,2725,5600,11663,24930,45105,Columbia River
Bonneville Lock & Dam,2023,TimeSeriesExpSmoothBC,Total,365107,7.166666666666667,88761,181834,347819,603987,836689,Columbia River
Bonneville Lock & Dam,2023,TimeSeriesExpSmoothNoBC,Age 3,13180,6.5,781,2648,11554,31506,72383,Columbia River
Bonneville Lock & Dam,2023,TimeSeriesExpSmoothNoBC,Age 4,283525,5.833333333333333,53506,112698,248715,526842,811184,Columbia River
Bonneville Lock & Dam,2023,TimeSeriesExpSmoothNoBC,Age 5,15772,7.166666666666667,3434,6253,13946,28869,50355,Columbia River
Bonneville Lock & Dam,2023,TimeSeriesExpSmoothNoBC,Total,312477,5.75,81555,152012,265523,440888,656093,Columbia River
Bonneville Lock & Dam,2024,Naive4,Age 3,21872,5.166666666666667,1907,5072,15999,43707,106187,Columbia River
Bonneville Lock & Dam,2024,Naive4,Age 4,327257,5.666666666666667,66312,139964,282714,548903,866745,Columbia River
Bonneville Lock & Dam,2024,Naive4,Age 5,21948,7,4454,8505,18899,37163,62690,Columbia River
Bonneville Lock & Dam,2024,Naive4,Total,371077,6,101745,177017,307435,523882,760172,Columbia River
Bonneville Lock & Dam,2024,Naive8,Age 3,17048,2.3333333333333335,1697,4119,12730,32376,64045,Columbia River
Bonneville Lock & Dam,2024,Naive8,Age 4,233336,5,48128,89174,180855,367632,597065,Columbia River
Bonneville Lock & Dam,2024,Naive8,Age 5,21012,4.666666666666667,5061,8724,18482,41590,68547,Columbia River
Bonneville Lock & Dam,2024,Naive8,Total,271396,5.5,78071,137378,234158,410420,564099,Columbia River
Bonneville Lock & Dam,2024,SibRegSimple,Age 3,24364,3.6666666666666665,3774,7926,18672,49159,100457,Columbia River
Bonneville Lock & Dam,2024,SibRegSimple,Age 4,273943,3.8333333333333335,72329,140810,242244,399158,658137,Columbia River
Bonneville Lock & Dam,2024,SibRegSimple,Age 5,19891,2.8333333333333335,7948,11658,18137,28967,36975,Columbia River
Bonneville Lock & Dam,2024,SibRegSimple,Total,318197,4.666666666666667,142606,209398,286096,388123,492895,Columbia River
Bonneville Lock & Dam,2024,SibRegLogPower,Age 3,24364,3.6666666666666665,2949,7010,18734,50417,107911,Columbia River
Bonneville Lock & Dam,2024,SibRegLogPower,Age 4,330051,2.1666666666666665,134951,193298,299980,454414,559976,Columbia River
Bonneville Lock & Dam,2024,SibRegLogPower,Age 5,28151,4.166666666666667,9994,15664,26371,40272,60450,Columbia River
Bonneville Lock & Dam,2024,SibRegLogPower,Total,382566,2.3333333333333335,200913,262372,348906,450716,547524,Columbia River
Bonneville Lock & Dam,2024,SibRegKalman,Age 3,24364,3.6666666666666665,3046,8975,21767,56318,106223,Columbia River
Bonneville Lock & Dam,2024,SibRegKalman,Age 4,328113,2.3333333333333335,94813,150664,261149,482353,700889,Columbia River
Bonneville Lock & Dam,2024,SibRegKalman,Age 5,21592,2.1666666666666665,8524,12777,19951,30618,40146,Columbia River
Bonneville Lock & Dam,2024,SibRegKalman,Total,374069,2,149635,232261,359006,519880,681208,Columbia River
Bonneville Lock & Dam,2024,TimeSeriesArimaBC,Age 3,60327,7.166666666666667,6467,17036,48165,118539,262932,Columbia River
Bonneville Lock & Dam,2024,TimeSeriesArimaBC,Age 4,385454,7.833333333333333,74427,166092,369978,691312,1328511,Columbia River
Bonneville Lock & Dam,2024,TimeSeriesArimaBC,Age 5,25440,4.666666666666667,5214,10482,22155,42353,74955,Columbia River
Bonneville Lock & Dam,2024,TimeSeriesArimaBC,Total,471221,7.5,121991,225309,392956,692572,1077473,Columbia River
Bonneville Lock & Dam,2024,TimeSeriesArimaNoBC,Age 3,20635,8,523,1910,13111,57102,226099,Columbia River
Bonneville Lock & Dam,2024,TimeSeriesArimaNoBC,Age 4,541700,5.25,106770,210772,455368,916401,1522994,Columbia River
Bonneville Lock & Dam,2024,TimeSeriesArimaNoBC,Age 5,27044,5.5,5704,11948,24289,52364,92171,Columbia River
Bonneville Lock & Dam,2024,TimeSeriesArimaNoBC,Total,589378,4.166666666666667,156234,274087,467085,795634,1192636,Columbia River
Bonneville Lock & Dam,2024,TimeSeriesExpSmoothBC,Age 3,43498,4.666666666666667,4240,13241,33836,102434,183116,Columbia River
Bonneville Lock & Dam,2024,TimeSeriesExpSmoothBC,Age 4,377007,7.166666666666667,80758,158381,320337,671254,978332,Columbia River
Bonneville Lock & Dam,2024,TimeSeriesExpSmoothBC,Age 5,20130,7,4240,8703,17600,34122,60044,Columbia River
Bonneville Lock & Dam,2024,TimeSeriesExpSmoothBC,Total,440635,7.166666666666667,134680,236474,406157,645004,961659,Columbia River
Bonneville Lock & Dam,2024,TimeSeriesExpSmoothNoBC,Age 3,14352,6.666666666666667,1183,3846,12011,35535,89429,Columbia River
Bonneville Lock & Dam,2024,TimeSeriesExpSmoothNoBC,Age 4,278140,5.75,49194,108026,231835,498068,776519,Columbia River
Bonneville Lock & Dam,2024,TimeSeriesExpSmoothNoBC,Age 5,19027,7,4179,7586,18031,36593,66965,Columbia River
Bonneville Lock & Dam,2024,TimeSeriesExpSmoothNoBC,Total,311519,5.666666666666667,80330,155959,290199,491317,763281,Columbia River
Bonneville Lock & Dam,2025,Naive4,Age 3,24058,4.833333333333333,2444,6888,21135,50400,110845,Columbia River
Bonneville Lock & Dam,2025,Naive4,Age 4,421830,5.833333333333333,97406,191182,359739,713160,1130469,Columbia River
Bonneville Lock & Dam,2025,Naive4,Age 5,28682,7,6196,11974,25455,53902,87084,Columbia River
Bonneville Lock & Dam,2025,Naive4,Total,474569,5.333333333333333,132935,222414,398077,633336,837554,Columbia River
Bonneville Lock & Dam,2025,Naive8,Age 3,18200,2.1666666666666665,1799,4716,14421,39988,80629,Columbia River
Bonneville Lock & Dam,2025,Naive8,Age 4,285115,6,62982,133205,246291,510590,791780,Columbia River
Bonneville Lock & Dam,2025,Naive8,Age 5,19731,4.916666666666667,4733,8070,16046,33434,56511,Columbia River
Bonneville Lock & Dam,2025,Naive8,Total,323047,6.333333333333333,97212,172827,314557,490674,708728,Columbia River
Bonneville Lock & Dam,2025,SibRegSimple,Age 3,19835,3.1666666666666665,1709,4956,14212,35808,69642,Columbia River
Bonneville Lock & Dam,2025,SibRegSimple,Age 4,116218,3.8333333333333335,33843,60141,107246,182038,259048,Columbia River
Bonneville Lock & Dam,2025,SibRegSimple,Age 5,57851,2.6666666666666665,22038,34428,51007,78518,105875,Columbia River
Bonneville Lock & Dam,2025,SibRegSimple,Total,193903,5.166666666666667,86047,123136,179436,252096,319037,Columbia River
Bonneville Lock & Dam,2025,SibRegLogPower,Age 3,19835,3.1666666666666665,2175,5593,16340,45174,82915,Columbia River
Bonneville Lock & Dam,2025,SibRegLogPower,Age 4,203779,2.1666666666666665,90080,125414,184625,271822,361921,Columbia River
Bonneville Lock & Dam,2025,SibRegLogPower,Age 5,53580,4.166666666666667,21581,31295,49255,73010,99231,Columbia River
Bonneville Lock & Dam,2025,SibRegLogPower,Total,277194,2.3333333333333335,151159,194414,254736,338444,402874,Columbia River
Bonneville Lock & Dam,2025,SibRegKalman,Age 3,19835,3.1666666666666665,2832,7296,16911,44088,74035,Columbia River
Bonneville Lock & Dam,2025,SibRegKalman,Age 4,282243,2.5,68673,137820,236101,379919,569216,Columbia River
Bonneville Lock & Dam,2025,SibRegKalman,Age 5,49944,2,18966,31742,48220,74206,103790,Columbia River
Bonneville Lock & Dam,2025,SibRegKalman,Total,352021,2,136614,194040,307920,448854,597180,Columbia River
Bonneville Lock & Dam,2025,TimeSeriesArimaBC,Age 3,31129,7.5,3368,8470,24368,70762,145864,Columbia River
Bonneville Lock & Dam,2025,TimeSeriesArimaBC,Age 4,494806,7.666666666666667,83788,179502,416790,822371,1364190,Columbia River
Bonneville Lock & Dam,2025,TimeSeriesArimaBC,Age 5,21422,4.75,5603,9944,19814,39821,56279,Columbia River
Bonneville Lock & Dam,2025,TimeSeriesArimaBC,Total,547357,7.5,122611,250046,450297,856807,1203226,Columbia River
Bonneville Lock & Dam,2025,TimeSeriesArimaNoBC,Age 3,19045,8.5,668,3182,15446,65990,212628,Columbia River
Bonneville Lock & Dam,2025,TimeSeriesArimaNoBC,Age 4,341019,4.166666666666667,73634,139238,278578,589346,993417,Columbia River
Bonneville Lock & Dam,2025,TimeSeriesArimaNoBC,Age 5,22946,5.5,4741,8650,18476,36518,65664,Columbia River
Bonneville Lock & Dam,2025,TimeSeriesArimaNoBC,Total,383011,3.5,108783,190822,338481,595076,790311,Columbia River
Bonneville Lock & Dam,2025,TimeSeriesExpSmoothBC,Age 3,29180,6,3802,8988,25639,67234,123795,Columbia River
Bonneville Lock & Dam,2025,TimeSeriesExpSmoothBC,Age 4,477833,6.833333333333333,88522,184875,430544,816998,1294537,Columbia River
Bonneville Lock & Dam,2025,TimeSeriesExpSmoothBC,Age 5,23920,7,5135,10200,22086,42394,77094,Columbia River
Bonneville Lock & Dam,2025,TimeSeriesExpSmoothBC,Total,530934,6.833333333333333,129145,242903,429134,784280,1175407,Columbia River
Bonneville Lock & Dam,2025,TimeSeriesExpSmoothNoBC,Age 3,13288,6.5,951,3136,9478,32856,69439,Columbia River
Bonneville Lock & Dam,2025,TimeSeriesExpSmoothNoBC,Age 4,365034,6,76102,147960,311637,634274,1011469,Columbia River
Bonneville Lock & Dam,2025,TimeSeriesExpSmoothNoBC,Age 5,19962,7,3466,7091,16162,38552,63537,Columbia River
Bonneville Lock & Dam,2025,TimeSeriesExpSmoothNoBC,Total,398284,6,112874,185444,320039,526450,767446,Columbia River
Bonneville Lock & Dam,2026,Naive4,Age 3,14650,4.833333333333333,1416,3841,11658,29909,57701,Columbia River
Bonneville Lock & Dam,2026,Naive4,Age 4,431659,6,86021,172145,369420,712493,1130567,Columbia River
Bonneville Lock & Dam,2026,Naive4,Age 5,31905,6.833333333333333,6167,11714,27471,55179,105109,Columbia River
Bonneville Lock & Dam,2026,Naive4,Total,478213,6,127496,235006,444898,727384,1040742,Columbia River
Bonneville Lock & Dam,2026,Naive8,Age 3,17245,2.3333333333333335,1776,5278,16988,40825,86891,Columbia River
Bonneville Lock & Dam,2026,Naive8,Age 4,295642,5.666666666666667,59375,119062,249179,495786,741220,Columbia River
Bonneville Lock & Dam,2026,Naive8,Age 5,19990,5.166666666666667,5217,8652,18329,36169,52744,Columbia River
Bonneville Lock & Dam,2026,Naive8,Total,332878,5.75,109725,181300,306418,477418,659808,Columbia River
Bonneville Lock & Dam,2026,SibRegSimple,Age 3,19998,3.1666666666666665,3037,6743,18388,42752,93546,Columbia River
Bonneville Lock & Dam,2026,SibRegSimple,Age 4,37432,3.8333333333333335,12075,19398,33831,57731,82673,Columbia River
Bonneville Lock & Dam,2026,SibRegSimple,Age 5,9392,2.8333333333333335,3755,5666,8315,12652,17341,Columbia River
Bonneville Lock & Dam,2026,SibRegSimple,Total,66822,4.5,30563,44894,65321,89640,112237,Columbia River
Bonneville Lock & Dam,2026,SibRegLogPower,Age 3,19998,3.1666666666666665,2171,5630,16840,42126,88188,Columbia River
Bonneville Lock & Dam,2026,SibRegLogPower,Age 4,103923,2.1666666666666665,40829,60340,90093,137110,182142,Columbia River
Bonneville Lock & Dam,2026,SibRegLogPower,Age 5,18610,4.166666666666667,8024,11616,17344,26128,35738,Columbia River
Bonneville Lock & Dam,2026,SibRegLogPower,Total,142532,2.25,72016,95285,129962,168910,208838,Columbia River
Bonneville Lock & Dam,2026,SibRegKalman,Age 3,19998,3.1666666666666665,2754,6804,16813,42717,86495,Columbia River
Bonneville Lock & Dam,2026,SibRegKalman,Age 4,195947,2.6666666666666665,61402,99766,172278,299401,437099,Columbia River
Bonneville Lock & Dam,2026,SibRegKalman,Age 5,14265,2,5211,7973,13020,20238,29852,Columbia River
Bonneville Lock & Dam,2026,SibRegKalman,Total,230210,2.4166666666666665,78200,131444,203937,308668,407833,Columbia River
Bonneville Lock & Dam,2026,TimeSeriesArimaBC,Age 3,53174,8,4733,11519,40708,123069,279063,Columbia River
Bonneville Lock & Dam,2026,TimeSeriesArimaBC,Age 4,436667,7.5,79643,156358,334062,715248,1304558,Columbia River
Bonneville Lock & Dam,2026,TimeSeriesArimaBC,Age 5,23620,4.333333333333333,5743,11140,22179,38318,62423,Columbia River
Bonneville Lock & Dam,2026,TimeSeriesArimaBC,Total,513461,7.5,127841,254010,463607,798742,1190354,Columbia River
Bonneville Lock & Dam,2026,TimeSeriesArimaNoBC,Age 3,16631,8.5,525,2062,9791,45839,127449,Columbia River
Bonneville Lock & Dam,2026,TimeSeriesArimaNoBC,Age 4,631157,4,150696,272303,550264,998175,1536480,Columbia River
Bonneville Lock & Dam,2026,TimeSeriesArimaNoBC,Age 5,27038,5.666666666666667,5402,11338,24595,49169,84873,Columbia River
Bonneville Lock & Dam,2026,TimeSeriesArimaNoBC,Total,674826,3.8333333333333335,178811,316842,587478,922461,1413923,Columbia River
Bonneville Lock & Dam,2026,TimeSeriesExpSmoothBC,Age 3,42874,6,3950,11799,32668,85752,164475,Columbia River
Bonneville Lock & Dam,2026,TimeSeriesExpSmoothBC,Age 4,431199,7.166666666666667,88609,200534,408586,745729,1272448,Columbia River
Bonneville Lock & Dam,2026,TimeSeriesExpSmoothBC,Age 5,28007,6.833333333333333,5571,11436,25478,51444,87761,Columbia River
Bonneville Lock & Dam,2026,TimeSeriesExpSmoothBC,Total,502080,7,111154,204426,418203,730530,1068270,Columbia River
Bonneville Lock & Dam,2026,TimeSeriesExpSmoothNoBC,Age 3,10652,5.833333333333333,815,2640,8655,28188,63134,Columbia River
Bonneville Lock & Dam,2026,TimeSeriesExpSmoothNoBC,Age 4,316171,6,50672,127760,284179,521536,905573,Columbia River
Bonneville Lock & Dam,2026,TimeSeriesExpSmoothNoBC,Age 5,21593,7.166666666666667,4466,8986,19318,35941,59525,Columbia River
Bonneville Lock & Dam,2026,TimeSeriesExpSmoothNoBC,Total,348416,5.75,90245,165186,313447,511284,778341,Columbia River
Okanagan,2021,Naive4,Age 3,10760,3.5,237,1212,6840,31064,120835,Columbia River
Okanagan,2021,Naive4,Age 4,120032,6.833333333333333,8082,27372,89262,301372,642616,Columbia River
Okanagan,2021,Naive4,Age 5,7814,5.166666666666667,1203,2872,7577,16907,33745,Columbia River
Okanagan,2021,Naive4,Total,138606,6.833333333333333,28549,60190,125024,221976,346177,Columbia River
Okanagan,2021,Naive8,Age 3,20404,7.833333333333333,1568,5283,16290,47863,108260,Columbia River
Okanagan,2021,Naive8,Age 4,193700,2.8333333333333335,21290,53246,150110,403382,891176,Columbia River
Okanagan,2021,Naive8,Age 5,8342,6.166666666666667,1196,2346,6636,14302,29485,Columbia River
Okanagan,2021,Naive8,Total,222447,2,69955,126136,210012,349862,522314,Columbia River
Okanagan,2021,SibRegSimple,Age 3,9059,2.1666666666666665,630,2286,7617,22387,51336,Columbia River
Okanagan,2021,SibRegSimple,Age 4,20539,3.8333333333333335,12771,15550,19888,24162,27712,Columbia River
Okanagan,2021,SibRegSimple,Age 5,10769,1.3333333333333333,9030,9832,10676,11684,12465,Columbia River
Okanagan,2021,SibRegSimple,Total,40368,3.8333333333333335,30568,34664,38978,43020,46696,Columbia River
Okanagan,2021,SibRegLogPower,Age 3,9059,2.3333333333333335,844,2134,7235,21320,57647,Columbia River
Okanagan,2021,SibRegLogPower,Age 4,83464,2.3333333333333335,29767,48726,77448,116920,155979,Columbia River
Okanagan,2021,SibRegLogPower,Age 5,12282,2.3333333333333335,3517,6564,11967,20995,32436,Columbia River
Okanagan,2021,SibRegLogPower,Total,104805,3.1666666666666665,99285,101474,103948,106305,108092,Columbia River
Okanagan,2021,SibRegKalman,Age 3,9059,2.5,490,1911,6627,22402,46819,Columbia River
Okanagan,2021,SibRegKalman,Age 4,105863,1.6666666666666667,14199,35587,87305,205622,391229,Columbia River
Okanagan,2021,SibRegKalman,Age 5,10968,3.3333333333333335,2603,4968,10335,19946,37576,Columbia River
Okanagan,2021,SibRegKalman,Total,125890,1.6666666666666667,56286,82713,115363,156402,197321,Columbia River
Okanagan,2021,TimeSeriesArimaBC,Age 3,13225,5.166666666666667,908,3304,10499,27516,61490,Columbia River
Okanagan,2021,TimeSeriesArimaBC,Age 4,160768,6.833333333333333,12625,38793,135287,415858,920947,Columbia River
Okanagan,2021,TimeSeriesArimaBC,Age 5,7805,5.166666666666667,1245,2995,6835,16094,29094,Columbia River
Okanagan,2021,TimeSeriesArimaBC,Total,181798,6.833333333333333,43149,84476,161506,272802,421113,Columbia River
Okanagan,2021,TimeSeriesArimaNoBC,Age 3,14862,7,1115,3117,10815,33324,71408,Columbia River
Okanagan,2021,TimeSeriesArimaNoBC,Age 4,157016,6,26471,58312,131500,300625,539851,Columbia River
Okanagan,2021,TimeSeriesArimaNoBC,Age 5,7298,4.5,1338,2717,5557,13904,25391,Columbia River
Okanagan,2021,TimeSeriesArimaNoBC,Total,179176,6.166666666666667,86274,117978,162930,223836,292213,Columbia River
Okanagan,2021,TimeSeriesExpSmoothBC,Age 3,13697,6.333333333333333,971,3164,10759,34900,84498,Columbia River
Okanagan,2021,TimeSeriesExpSmoothBC,Age 4,165010,8.833333333333334,10022,26368,111430,397107,871771,Columbia River
Okanagan,2021,TimeSeriesExpSmoothBC,Age 5,4426,8,495,1282,3982,10588,23168,Columbia River
Okanagan,2021,TimeSeriesExpSmoothBC,Total,183133,8.833333333333334,28818,66664,150849,316460,447011,Columbia River
Okanagan,2021,TimeSeriesExpSmoothNoBC,Age 3,12830,8.166666666666666,734,2266,9541,36162,105787,Columbia River
Okanagan,2021,TimeSeriesExpSmoothNoBC,Age 4,160865,5.833333333333333,11157,41140,128852,430174,865157,Columbia River
Okanagan,2021,TimeSeriesExpSmoothNoBC,Age 5,7376,9,652,1827,5654,16374,43895,Columbia River
Okanagan,2021,TimeSeriesExpSmoothNoBC,Total,181071,5.666666666666667,51249,91942,162038,284098,416724,Columbia River
Okanagan,2022,Naive4,Age 3,14960,4.166666666666667,619,1998,8977,41126,107779,Columbia River
Okanagan,2022,Naive4,Age 4,129273,5.666666666666667,15874,41331,113453,282386,626966,Columbia River
Okanagan,2022,Naive4,Age 5,7791,6.833333333333333,1189,2797,6816,15794,29643,Columbia River
Okanagan,2022,Naive4,Total,152024,6.083333333333333,45854,76050,130169,230786,314224,Columbia River
Okanagan,2022,Naive8,Age 3,19860,7.583333333333333,1856,4459,15423,52048,102392,Columbia River
Okanagan,2022,Naive8,Age 4,191526,5.916666666666667,28741,60867,156327,396814,684756,Columbia River
Okanagan,2022,Naive8,Age 5,7748,6.5,1125,2774,7215,15552,27039,Columbia River
Okanagan,2022,Naive8,Total,219134,6.166666666666667,73179,120761,200670,297181,403828,Columbia River
Okanagan,2022,SibRegSimple,Age 3,13944,3.6666666666666665,682,3086,9479,32404,78514,Columbia River
Okanagan,2022,SibRegSimple,Age 4,182376,4.666666666666667,108321,134466,173556,211238,257935,Columbia River
Okanagan,2022,SibRegSimple,Age 5,2683,1.1666666666666667,1608,2056,2572,3244,3918,Columbia River
Okanagan,2022,SibRegSimple,Total,199003,5,129241,158596,192296,224638,251207,Columbia River
Okanagan,2022,SibRegLogPower,Age 3,13944,3.6666666666666665,1009,3465,13013,43456,90473,Columbia River
Okanagan,2022,SibRegLogPower,Age 4,307769,2,129043,193858,294377,403126,531732,Columbia River
Okanagan,2022,SibRegLogPower,Age 5,6273,2.3333333333333335,1877,3534,5739,9464,12913,Columbia River
Okanagan,2022,SibRegLogPower,Total,327986,2.5833333333333335,275492,295184,317885,342336,357453,Columbia River
Okanagan,2022,SibRegKalman,Age 3,13944,3.6666666666666665,897,2556,9312,32216,69731,Columbia River
Okanagan,2022,SibRegKalman,Age 4,217357,1.8333333333333333,41097,86524,178184,361978,579760,Columbia River
Okanagan,2022,SibRegKalman,Age 5,5858,3.3333333333333335,1313,2444,5312,10074,15298,Columbia River
Okanagan,2022,SibRegKalman,Total,237159,1.1666666666666667,125767,165040,219304,291880,336765,Columbia River
Okanagan,2022,TimeSeriesArimaBC,Age 3,13837,4.583333333333333,918,3250,9350,26939,54378,Columbia River
Okanagan,2022,TimeSeriesArimaBC,Age 4,152887,6.416666666666667,15202,42029,127256,331330,625036,Columbia River
Okanagan,2022,TimeSeriesArimaBC,Age 5,7894,4.666666666666667,1271,2926,7476,17470,32640,Columbia River
Okanagan,2022,TimeSeriesArimaBC,Total,174618,6.5,52338,90668,150846,269212,400098,Columbia River
Okanagan,2022,TimeSeriesArimaNoBC,Age 3,15484,5.583333333333333,1165,4085,13524,37780,95594,Columbia River
Okanagan,2022,TimeSeriesArimaNoBC,Age 4,152236,4.833333333333333,36559,74706,161493,292750,480041,Columbia River
Okanagan,2022,TimeSeriesArimaNoBC,Age 5,7573,3.5,1433,3507,7588,16096,28784,Columbia River
Okanagan,2022,TimeSeriesArimaNoBC,Total,175293,5.5,83992,116224,158024,217156,266897,Columbia River
Okanagan,2022,TimeSeriesExpSmoothBC,Age 3,14333,4.75,1256,4286,14231,37346,97030,Columbia River
Okanagan,2022,TimeSeriesExpSmoothBC,Age 4,157253,7.75,14861,43476,130907,387603,834289,Columbia River
Okanagan,2022,TimeSeriesExpSmoothBC,Age 5,8033,8.166666666666666,958,2144,6879,19136,45095,Columbia River
Okanagan,2022,TimeSeriesExpSmoothBC,Total,179618,7.333333333333333,46286,80618,156765,278220,425499,Columbia River
Okanagan,2022,TimeSeriesExpSmoothNoBC,Age 3,17315,7.333333333333333,1136,4000,13608,45496,97929,Columbia River
Okanagan,2022,TimeSeriesExpSmoothNoBC,Age 4,152255,5.916666666666667,19231,48972,131713,339734,678025,Columbia River
Okanagan,2022,TimeSeriesExpSmoothNoBC,Age 5,11971,8.5,1179,2967,10637,26526,66152,Columbia River
Okanagan,2022,TimeSeriesExpSmoothNoBC,Total,181541,4.666666666666667,56920,105903,168580,242277,318652,Columbia River
Okanagan,2023,Naive4,Age 3,17854,4.583333333333333,1150,4064,13720,42524,100199,Columbia River
Okanagan,2023,Naive4,Age 4,209526,7.5,19181,45842,159307,423830,920485,Columbia River
Okanagan,2023,Naive4,Age 5,9266,6.583333333333333,1681,3669,8556,16549,30828,Columbia River
Okanagan,2023,Naive4,Total,236646,7.666666666666667,55241,99601,200907,360908,553966,Columbia River
Okanagan,2023,Naive8,Age 3,10594,8.5,1396,3200,8209,23964,46353,Columbia River
Okanagan,2023,Naive8,Age 4,202376,5,23301,56980,146047,366133,705638,Columbia River
Okanagan,2023,Naive8,Age 5,8556,6.416666666666667,1682,3772,8975,18616,30180,Columbia River
Okanagan,2023,Naive8,Total,221527,4,61511,113876,190031,330414,496437,Columbia River
Okanagan,2023,SibRegSimple,Age 3,14422,3.5,951,3384,10338,29432,67901,Columbia River
Okanagan,2023,SibRegSimple,Age 4,92103,4.833333333333333,57139,69203,86506,103688,120508,Columbia River
Okanagan,2023,SibRegSimple,Age 5,20204,2.8333333333333335,11875,15352,19808,23943,30391,Columbia River
Okanagan,2023,SibRegSimple,Total,126729,5.333333333333333,85558,103209,119868,142197,160878,Columbia River
Okanagan,2023,SibRegLogPower,Age 3,14422,3.5,1258,3946,11142,30652,67175,Columbia River
Okanagan,2023,SibRegLogPower,Age 4,202666,1,77940,122322,182527,267018,372947,Columbia River
Okanagan,2023,SibRegLogPower,Age 5,16833,1.3333333333333333,5838,9487,14966,25146,35730,Columbia River
Okanagan,2023,SibRegLogPower,Total,233921,1,156490,184146,224360,263777,295218,Columbia River
Okanagan,2023,SibRegKalman,Age 3,14422,3.5,1375,3404,11278,32870,73894,Columbia River
Okanagan,2023,SibRegKalman,Age 4,161009,2.1666666666666665,30190,68086,147832,279341,464813,Columbia River
Okanagan,2023,SibRegKalman,Age 5,16737,2.6666666666666665,3879,7784,14321,25462,36518,Columbia River
Okanagan,2023,SibRegKalman,Total,192168,2.9166666666666665,76184,119784,173285,240987,309097,Columbia River
Okanagan,2023,TimeSeriesArimaBC,Age 3,14454,3.5,1915,4345,12029,34500,64331,Columbia River
Okanagan,2023,TimeSeriesArimaBC,Age 4,171643,6.333333333333333,15637,47576,126121,346156,677414,Columbia River
Okanagan,2023,TimeSeriesArimaBC,Age 5,8244,4.666666666666667,1513,3034,7054,15454,25337,Columbia River
Okanagan,2023,TimeSeriesArimaBC,Total,194342,6.083333333333333,47753,92570,185196,313330,468399,Columbia River
Okanagan,2023,TimeSeriesArimaNoBC,Age 3,15323,5.666666666666667,2108,4905,12653,31744,66953,Columbia River
Okanagan,2023,TimeSeriesArimaNoBC,Age 4,169230,5,31304,61832,141596,296125,492949,Columbia River
Okanagan,2023,TimeSeriesArimaNoBC,Age 5,7641,4,1522,3256,6737,13637,22033,Columbia River
Okanagan,2023,TimeSeriesArimaNoBC,Total,192194,5.583333333333333,64407,107466,168160,259258,342876,Columbia River
Okanagan,2023,TimeSeriesExpSmoothBC,Age 3,14898,4.416666666666667,1706,3998,11283,30076,56909,Columbia River
Okanagan,2023,TimeSeriesExpSmoothBC,Age 4,175808,7.5,17973,49977,149429,357472,825873,Columbia River
Okanagan,2023,TimeSeriesExpSmoothBC,Age 5,10496,7.5,1182,3012,8532,21690,46888,Columbia River
Okanagan,2023,TimeSeriesExpSmoothBC,Total,201203,8.083333333333334,43020,94062,175451,324088,494581,Columbia River
Okanagan,2023,TimeSeriesExpSmoothNoBC,Age 3,15552,7.833333333333333,1683,4898,14042,37966,79646,Columbia River
Okanagan,2023,TimeSeriesExpSmoothNoBC,Age 4,175549,5.666666666666667,21104,47400,139627,364375,736780,Columbia River
Okanagan,2023,TimeSeriesExpSmoothNoBC,Age 5,8832,9,1050,2526,6702,17683,36988,Columbia River
Okanagan,2023,TimeSeriesExpSmoothNoBC,Total,199932,4.333333333333333,44327,85035,171264,268292,403319,Columbia River
Okanagan,2024,Naive4,Age 3,17886,2.8333333333333335,1089,3786,13076,43546,101339,Columbia River
Okanagan,2024,Naive4,Age 4,239630,6.833333333333333,35525,86312,199147,465630,793646,Columbia River
Okanagan,2024,Naive4,Age 5,10168,6,1980,4589,9834,17673,30930,Columbia River
Okanagan,2024,Naive4,Total,267684,8.166666666666666,65165,116760,222250,365900,584724,Columbia River
Okanagan,2024,Naive8,Age 3,14229,7.666666666666667,1722,4618,12586,36316,71398,Columbia River
Okanagan,2024,Naive8,Age 4,174624,5.166666666666667,23191,52388,127534,330656,522762,Columbia River
Okanagan,2024,Naive8,Age 5,9800,6.666666666666667,1794,3980,8498,17588,30209,Columbia River
Okanagan,2024,Naive8,Total,198654,4.5,59336,99225,170750,266996,401749,Columbia River
Okanagan,2024,SibRegSimple,Age 3,20200,4,1689,5138,15164,41796,80221,Columbia River
Okanagan,2024,SibRegSimple,Age 4,223218,5,139059,167277,203885,251952,304903,Columbia River
Okanagan,2024,SibRegSimple,Age 5,5238,2.6666666666666665,2649,3636,5018,6540,8516,Columbia River
Okanagan,2024,SibRegSimple,Total,248656,5.833333333333333,162214,193028,238176,281332,313249,Columbia River
Okanagan,2024,SibRegLogPower,Age 3,20200,4,2450,5820,14795,46347,83724,Columbia River
Okanagan,2024,SibRegLogPower,Age 4,342590,1.6666666666666667,147381,217698,307616,438952,544591,Columbia River
Okanagan,2024,SibRegLogPower,Age 5,9007,1.5,3372,4836,8006,12466,17166,Columbia River
Okanagan,2024,SibRegLogPower,Total,371797,1.0833333333333333,241600,283728,345689,398902,453890,Columbia River
Okanagan,2024,SibRegKalman,Age 3,20200,4,2001,5972,17492,42074,94238,Columbia River
Okanagan,2024,SibRegKalman,Age 4,250355,2,59866,113948,250827,443196,657830,Columbia River
Okanagan,2024,SibRegKalman,Age 5,7739,2.8333333333333335,2280,3954,7118,11832,17880,Columbia River
Okanagan,2024,SibRegKalman,Total,278294,2.75,116326,175008,251833,340434,408141,Columbia River
Okanagan,2024,TimeSeriesArimaBC,Age 3,15254,4.916666666666667,2198,5426,13521,32362,65262,Columbia River
Okanagan,2024,TimeSeriesArimaBC,Age 4,170077,5.833333333333333,18952,47380,123347,297218,590712,Columbia River
Okanagan,2024,TimeSeriesArimaBC,Age 5,8327,5.5,1614,3250,7126,15064,24543,Columbia River
Okanagan,2024,TimeSeriesArimaBC,Total,193658,5.75,51631,94211,166049,268332,374514,Columbia River
Okanagan,2024,TimeSeriesArimaNoBC,Age 3,16002,5.5,2014,4408,11895,29762,56471,Columbia River
Okanagan,2024,TimeSeriesArimaNoBC,Age 4,167380,5.083333333333333,35728,69681,143102,298232,463957,Columbia River
Okanagan,2024,TimeSeriesArimaNoBC,Age 5,10818,4.833333333333333,2331,4164,9165,16984,27934,Columbia River
Okanagan,2024,TimeSeriesArimaNoBC,Total,194200,5,77406,122102,181533,260226,343053,Columbia River
Okanagan,2024,TimeSeriesExpSmoothBC,Age 3,15730,5.083333333333333,1588,4419,11460,31682,62273,Columbia River
Okanagan,2024,TimeSeriesExpSmoothBC,Age 4,174308,7.083333333333333,20967,50896,125809,311181,719590,Columbia River
Okanagan,2024,TimeSeriesExpSmoothBC,Age 5,12015,7.333333333333333,1923,4268,10757,27166,52530,Columbia River
Okanagan,2024,TimeSeriesExpSmoothBC,Total,202054,7.5,55321,91968,172750,290523,443596,Columbia River
Okanagan,2024,TimeSeriesExpSmoothNoBC,Age 3,20065,7,1941,5450,16941,47092,89213,Columbia River
Okanagan,2024,TimeSeriesExpSmoothNoBC,Age 4,183686,6.333333333333333,24593,63093,155922,375351,687069,Columbia River
Okanagan,2024,TimeSeriesExpSmoothNoBC,Age 5,15900,7.666666666666667,2589,5928,14443,33696,66299,Columbia River
Okanagan,2024,TimeSeriesExpSmoothNoBC,Total,219651,4.416666666666667,61811,97432,187161,313016,432063,Columbia River
Okanagan,2025,Naive4,Age 3,19902,2.6666666666666665,1298,3746,12710,40110,83241,Columbia River
Okanagan,2025,Naive4,Age 4,308858,5.416666666666667,34846,84394,222606,584055,1065517,Columbia River
Okanagan,2025,Naive4,Age 5,11033,5.833333333333333,2309,4236,9720,20250,37082,Columbia River
Okanagan,2025,Naive4,Total,339793,5.833333333333333,88606,160280,298523,512535,739386,Columbia River
Okanagan,2025,Naive8,Age 3,15331,7.5,1458,4560,13001,33872,59708,Columbia River
Okanagan,2025,Naive8,Age 4,214445,5.166666666666667,26255,61112,146604,379266,694381,Columbia River
Okanagan,2025,Naive8,Age 5,9423,5.5,2025,3994,8555,16508,26906,Columbia River
Okanagan,2025,Naive8,Total,239199,3.9166666666666665,64791,116233,202241,337051,525061,Columbia River
Okanagan,2025,SibRegSimple,Age 3,16523,5,1957,5124,13190,32097,65302,Columbia River
Okanagan,2025,SibRegSimple,Age 4,91477,5,58650,73828,88241,105133,121855,Columbia River
Okanagan,2025,SibRegSimple,Age 5,21900,2.3333333333333335,10205,15276,21364,28767,36736,Columbia River
Okanagan,2025,SibRegSimple,Total,129900,5.083333333333333,88207,106683,127675,147539,164359,Columbia River
Okanagan,2025,SibRegLogPower,Age 3,16523,5,2516,6572,15126,34838,71711,Columbia River
Okanagan,2025,SibRegLogPower,Age 4,193808,1.6666666666666667,87612,122090,185572,251588,329105,Columbia River
Okanagan,2025,SibRegLogPower,Age 5,17557,2.3333333333333335,7284,11043,16571,24331,33806,Columbia River
Okanagan,2025,SibRegLogPower,Total,227888,1.1666666666666667,143406,176374,216390,257377,298667,Columbia River
Okanagan,2025,SibRegKalman,Age 3,16523,5,1576,4206,12420,35232,68500,Columbia River
Okanagan,2025,SibRegKalman,Age 4,164880,3,40067,67249,138385,269656,413742,Columbia River
Okanagan,2025,SibRegKalman,Age 5,18596,2.8333333333333335,6628,10212,16594,26745,40361,Columbia River
Okanagan,2025,SibRegKalman,Total,200000,2.8333333333333335,90601,127366,181860,265396,331551,Columbia River
Okanagan,2025,TimeSeriesArimaBC,Age 3,15428,4.083333333333333,2772,5865,13290,28648,56882,Columbia River
Okanagan,2025,TimeSeriesArimaBC,Age 4,187827,6,31404,68284,158955,389984,801791,Columbia River
Okanagan,2025,TimeSeriesArimaBC,Age 5,8560,4.666666666666667,2017,3628,7862,14596,23743,Columbia River
Okanagan,2025,TimeSeriesArimaBC,Total,211815,6.916666666666667,50957,97718,188180,326196,508401,Columbia River
Okanagan,2025,TimeSeriesArimaNoBC,Age 3,15778,4.666666666666667,2254,5358,14340,29714,51478,Columbia River
Okanagan,2025,TimeSeriesArimaNoBC,Age 4,191499,6.166666666666667,38567,69932,148924,288228,475529,Columbia River
Okanagan,2025,TimeSeriesArimaNoBC,Age 5,7977,5.166666666666667,1761,3710,7472,13930,22738,Columbia River
Okanagan,2025,TimeSeriesArimaNoBC,Total,215254,6.25,74404,123302,197721,304303,399559,Columbia River
Okanagan,2025,TimeSeriesExpSmoothBC,Age 3,15835,3.9166666666666665,2238,5462,14567,32680,58838,Columbia River
Okanagan,2025,TimeSeriesExpSmoothBC,Age 4,307501,7.75,38640,91756,254527,640422,1151641,Columbia River
Okanagan,2025,TimeSeriesExpSmoothBC,Age 5,11368,7.333333333333333,2243,3993,9355,21434,37562,Columbia River
Okanagan,2025,TimeSeriesExpSmoothBC,Total,334704,8.416666666666666,81909,153782,300132,511842,845308,Columbia River
Okanagan,2025,TimeSeriesExpSmoothNoBC,Age 3,17204,7.166666666666667,2140,5209,13675,37262,74409,Columbia River
Okanagan,2025,TimeSeriesExpSmoothNoBC,Age 4,225082,4.833333333333333,32456,78429,172679,434054,684347,Columbia River
Okanagan,2025,TimeSeriesExpSmoothNoBC,Age 5,11710,9,1839,4000,9839,21507,42810,Columbia River
Okanagan,2025,TimeSeriesExpSmoothNoBC,Total,253997,4.583333333333333,68822,125188,225369,380442,517601,Columbia River
Okanagan,2026,Naive4,Age 3,14147,5,1298,3130,9849,27640,53478,Columbia River
Okanagan,2026,Naive4,Age 4,312583,6.833333333333333,43635,98114,245026,538602,1014858,Columbia River
Okanagan,2026,Naive4,Age 5,11889,5.333333333333333,2785,4974,10738,18771,30181,Columbia River
Okanagan,2026,Naive4,Total,338619,6.833333333333333,80236,149753,301430,510328,742385,Columbia River
Okanagan,2026,Naive8,Age 3,14554,8.666666666666666,2385,5547,11986,25180,48930,Columbia River
Okanagan,2026,Naive8,Age 4,220928,4.916666666666667,28581,67502,175038,346260,555744,Columbia River
Okanagan,2026,Naive8,Age 5,9840,6.083333333333333,1940,3690,7785,15708,26074,Columbia River
Okanagan,2026,Naive8,Total,245322,4.833333333333333,67983,118036,215048,365829,527455,Columbia River
Okanagan,2026,SibRegSimple,Age 3,16654,4.333333333333333,2097,5670,14156,31798,57519,Columbia River
Okanagan,2026,SibRegSimple,Age 4,30219,4.333333333333333,17861,23009,29475,36466,44030,Columbia River
Okanagan,2026,SibRegSimple,Age 5,3051,2,1340,1942,2706,3802,4998,Columbia River
Okanagan,2026,SibRegSimple,Total,49923,5,27729,36683,48859,60315,69340,Columbia River
Okanagan,2026,SibRegLogPower,Age 3,16654,4.333333333333333,1952,5368,14631,31833,63378,Columbia River
Okanagan,2026,SibRegLogPower,Age 4,92710,1.8333333333333333,39995,60090,89332,126302,161664,Columbia River
Okanagan,2026,SibRegLogPower,Age 5,6904,1.8333333333333333,2938,4156,6351,9030,12630,Columbia River
Okanagan,2026,SibRegLogPower,Total,116268,1.8333333333333333,65282,83612,108173,136566,163039,Columbia River
Okanagan,2026,SibRegKalman,Age 3,16654,4.333333333333333,2423,5630,14541,33696,65307,Columbia River
Okanagan,2026,SibRegKalman,Age 4,117786,2.1666666666666665,28503,52571,103595,189173,296312,Columbia River
Okanagan,2026,SibRegKalman,Age 5,6295,2.5,2250,3494,5504,8702,12575,Columbia River
Okanagan,2026,SibRegKalman,Total,140734,2,61268,89386,129250,193180,247480,Columbia River
Okanagan,2026,TimeSeriesArimaBC,Age 3,14519,2,2433,5128,12883,26862,44821,Columbia River
Okanagan,2026,TimeSeriesArimaBC,Age 4,181519,5.416666666666667,27028,63976,155696,320674,629911,Columbia River
Okanagan,2026,TimeSeriesArimaBC,Age 5,7885,5.25,1748,3274,7177,13663,21840,Columbia River
Okanagan,2026,TimeSeriesArimaBC,Total,203924,5.666666666666667,53997,100744,182775,291322,429229,Columbia River
Okanagan,2026,TimeSeriesArimaNoBC,Age 3,15251,4.833333333333333,2632,5548,13315,29316,53716,Columbia River
Okanagan,2026,TimeSeriesArimaNoBC,Age 4,314519,5.25,56360,119980,263996,528204,860758,Columbia River
Okanagan,2026,TimeSeriesArimaNoBC,Age 5,6145,6.333333333333333,1385,2866,5438,10334,15914,Columbia River
Okanagan,2026,TimeSeriesArimaNoBC,Total,335915,5.166666666666667,107335,168236,288448,436600,581115,Columbia River
Okanagan,2026,TimeSeriesExpSmoothBC,Age 3,14914,3.1666666666666665,3130,5779,12799,29338,53579,Columbia River
Okanagan,2026,TimeSeriesExpSmoothBC,Age 4,186677,8.25,20016,60052,143917,322262,683023,Columbia River
Okanagan,2026,TimeSeriesExpSmoothBC,Age 5,11971,7,1945,4288,10417,22916,40317,Columbia River
Okanagan,2026,TimeSeriesExpSmoothBC,Total,213562,8,51542,99485,190325,338814,489540,Columbia River
Okanagan,2026,TimeSeriesExpSmoothNoBC,Age 3,12589,8.333333333333334,1892,4426,11134,23778,43262,Columbia River
Okanagan,2026,TimeSeriesExpSmoothNoBC,Age 4,215643,6,33996,80557,177816,396186,683640,Columbia River
Okanagan,2026,TimeSeriesExpSmoothNoBC,Age 5,14253,8.666666666666666,2666,4969,12044,24598,41699,Columbia River
Okanagan,2026,TimeSeriesExpSmoothNoBC,Total,242484,5.666666666666667,71252,121430,216357,344357,491721,Columbia River
Wenatchee,2021,Naive4,Age 3,10,6,0,0,7,94,414,Columbia River
Wenatchee,2021,Naive4,Age 4,21564,3.5,1273,3820,15443,54536,109300,Columbia River
Wenatchee,2021,Naive4,Age 5,7429,7.666666666666667,422,1264,4418,19817,53510,Columbia River
Wenatchee,2021,Naive4,Total,29003,3.5,4379,9177,20602,50324,97126,Columbia River
Wenatchee,2021,Naive8,Age 3,136,7,15,38,115,314,622,Columbia River
Wenatchee,2021,Naive8,Age 4,53308,1.1666666666666667,6144,15225,41280,106570,184112,Columbia River
Wenatchee,2021,Naive8,Age 5,11226,7,600,2056,8832,30342,75443,Columbia River
Wenatchee,2021,Naive8,Total,64669,2,15742,27374,54614,102064,150438,Columbia River
Wenatchee,2021,SibRegSimple,Age 3,8,3,0,2,6,19,39,Columbia River
Wenatchee,2021,SibRegSimple,Age 4,137,7.166666666666667,22,52,123,228,371,Columbia River
Wenatchee,2021,SibRegSimple,Age 5,10989,1.3333333333333333,2371,4806,9405,18202,28522,Columbia River
Wenatchee,2021,SibRegSimple,Total,11134,7.166666666666667,4056,6134,10252,15315,20945,Columbia River
Wenatchee,2021,SibRegLogPower,Age 3,8,3.1666666666666665,0,1,6,19,38,Columbia River
Wenatchee,2021,SibRegLogPower,Age 4,37555,6.5,6753,15046,31539,61479,106968,Columbia River
Wenatchee,2021,SibRegLogPower,Age 5,14386,3.1666666666666665,1319,3296,11130,29104,68126,Columbia River
Wenatchee,2021,SibRegLogPower,Total,51948,8.166666666666666,19854,30888,49968,71103,94489,Columbia River
Wenatchee,2021,SibRegKalman,Age 3,8,3.3333333333333335,0,1,5,18,40,Columbia River
Wenatchee,2021,SibRegKalman,Age 4,32702,2.5,2590,8346,30016,85359,160609,Columbia River
Wenatchee,2021,SibRegKalman,Age 5,11614,2.5,916,2701,9430,23204,53208,Columbia River
Wenatchee,2021,SibRegKalman,Total,44324,3.3333333333333335,9965,19754,39205,70778,113307,Columbia River
Wenatchee,2021,TimeSeriesArimaBC,Age 3,8,5.166666666666667,0,2,6,17,36,Columbia River
Wenatchee,2021,TimeSeriesArimaBC,Age 4,70451,6,3560,15011,57072,197273,521717,Columbia River
Wenatchee,2021,TimeSeriesArimaBC,Age 5,8364,4.333333333333333,549,1830,6938,21597,55954,Columbia River
Wenatchee,2021,TimeSeriesArimaBC,Total,78823,6,10562,23922,65647,154253,278916,Columbia River
Wenatchee,2021,TimeSeriesArimaNoBC,Age 3,0,2,0,0,0,1,3,Columbia River
Wenatchee,2021,TimeSeriesArimaNoBC,Age 4,46360,8.666666666666666,1083,4892,28987,138620,474413,Columbia River
Wenatchee,2021,TimeSeriesArimaNoBC,Age 5,1415,7,61,222,1143,5216,14469,Columbia River
Wenatchee,2021,TimeSeriesArimaNoBC,Total,47775,7,7448,16540,37507,88356,171334,Columbia River
Wenatchee,2021,TimeSeriesExpSmoothBC,Age 3,8,6.333333333333333,0,1,5,16,40,Columbia River
Wenatchee,2021,TimeSeriesExpSmoothBC,Age 4,39690,5.5,2166,8085,31064,112300,257177,Columbia River
Wenatchee,2021,TimeSeriesExpSmoothBC,Age 5,8525,5.5,494,1675,5994,21264,55790,Columbia River
Wenatchee,2021,TimeSeriesExpSmoothBC,Total,48224,5.5,6956,16071,39344,92350,172505,Columbia River
Wenatchee,2021,TimeSeriesExpSmoothNoBC,Age 3,190,9,7,27,131,714,2004,Columbia River
Wenatchee,2021,TimeSeriesExpSmoothNoBC,Age 4,39146,4,2794,9261,39173,107842,236731,Columbia River
Wenatchee,2021,TimeSeriesExpSmoothNoBC,Age 5,1583,6.5,115,358,1231,3538,8287,Columbia River
Wenatchee,2021,TimeSeriesExpSmoothNoBC,Total,40919,2.3333333333333335,5240,14899,36644,76306,138649,Columbia River
Wenatchee,2022,Naive4,Age 3,10,6.666666666666667,-0,0,6,39,117,Columbia River
Wenatchee,2022,Naive4,Age 4,26320,5.083333333333333,1885,5722,20241,62214,148160,Columbia River
Wenatchee,2022,Naive4,Age 5,4697,8.166666666666666,218,774,3301,15868,33397,Columbia River
Wenatchee,2022,Naive4,Total,31027,3.6666666666666665,6090,12546,27151,57576,102173,Columbia River
Wenatchee,2022,Naive8,Age 3,136,7.5,16,45,114,277,477,Columbia River
Wenatchee,2022,Naive8,Age 4,52866,3.1666666666666665,6451,16440,44615,104310,197670,Columbia River
Wenatchee,2022,Naive8,Age 5,10354,7.166666666666667,783,2592,9918,26574,77317,Columbia River
Wenatchee,2022,Naive8,Total,63355,5,16045,26634,55783,101235,154121,Columbia River
Wenatchee,2022,SibRegSimple,Age 3,8,3.3333333333333335,-0,2,6,17,33,Columbia River
Wenatchee,2022,SibRegSimple,Age 4,137,8.5,21,44,107,250,515,Columbia River
Wenatchee,2022,SibRegSimple,Age 5,6481,1,1759,3210,5343,9480,13931,Columbia River
Wenatchee,2022,SibRegSimple,Total,6626,9,2880,4178,5888,8327,10784,Columbia River
Wenatchee,2022,SibRegLogPower,Age 3,8,3.3333333333333335,0,2,6,16,30,Columbia River
Wenatchee,2022,SibRegLogPower,Age 4,38305,6.666666666666667,6702,15027,34690,69525,115296,Columbia River
Wenatchee,2022,SibRegLogPower,Age 5,10574,3.5,1400,3202,8912,22446,42562,Columbia River
Wenatchee,2022,SibRegLogPower,Total,48887,7.5,17162,26901,41195,68023,93944,Columbia River
Wenatchee,2022,SibRegKalman,Age 3,8,3.3333333333333335,-0,1,6,17,32,Columbia River
Wenatchee,2022,SibRegKalman,Age 4,32738,1.6666666666666667,4195,10926,32142,71942,125405,Columbia River
Wenatchee,2022,SibRegKalman,Age 5,7581,2.3333333333333335,1040,2762,6974,16760,29537,Columbia River
Wenatchee,2022,SibRegKalman,Total,40327,2.25,9549,18242,33655,58854,102195,Columbia River
Wenatchee,2022,TimeSeriesArimaBC,Age 3,7,5,0,2,6,16,33,Columbia River
Wenatchee,2022,TimeSeriesArimaBC,Age 4,39809,6.333333333333333,3429,9520,31698,92090,183318,Columbia River
Wenatchee,2022,TimeSeriesArimaBC,Age 5,8296,4.166666666666667,539,1954,5955,20130,58033,Columbia River
Wenatchee,2022,TimeSeriesArimaBC,Total,48112,5.5,8921,18296,39276,79475,129237,Columbia River
Wenatchee,2022,TimeSeriesArimaNoBC,Age 3,0,1.6666666666666667,0,0,0,1,2,Columbia River
Wenatchee,2022,TimeSeriesArimaNoBC,Age 4,34565,6.5,1238,6559,28319,113198,346477,Columbia River
Wenatchee,2022,TimeSeriesArimaNoBC,Age 5,12200,7,306,1644,8073,47073,159959,Columbia River
Wenatchee,2022,TimeSeriesArimaNoBC,Total,46766,6.166666666666667,11451,20509,41730,83532,134509,Columbia River
Wenatchee,2022,TimeSeriesExpSmoothBC,Age 3,8,5.833333333333333,0,2,6,17,33,Columbia River
Wenatchee,2022,TimeSeriesExpSmoothBC,Age 4,45561,4.75,3402,11571,35362,75612,153719,Columbia River
Wenatchee,2022,TimeSeriesExpSmoothBC,Age 5,8343,5.333333333333333,585,1971,6477,24004,55914,Columbia River
Wenatchee,2022,TimeSeriesExpSmoothBC,Total,53912,4.5,8918,19069,40648,82876,144686,Columbia River
Wenatchee,2022,TimeSeriesExpSmoothNoBC,Age 3,245,8.333333333333334,9,36,135,510,1588,Columbia River
Wenatchee,2022,TimeSeriesExpSmoothNoBC,Age 4,41686,2.3333333333333335,3919,10503,30227,92561,167614,Columbia River
Wenatchee,2022,TimeSeriesExpSmoothNoBC,Age 5,7567,6.333333333333333,269,1050,6137,21740,77790,Columbia River
Wenatchee,2022,TimeSeriesExpSmoothNoBC,Total,49497,1.4166666666666667,7842,16974,40995,79851,131529,Columbia River
Wenatchee,2023,Naive4,Age 3,10,6.666666666666667,0,1,8,42,125,Columbia River
Wenatchee,2023,Naive4,Age 4,57743,6.333333333333333,3961,14170,44990,150831,344213,Columbia River
Wenatchee,2023,Naive4,Age 5,5805,8.166666666666666,331,1096,4982,18393,44022,Columbia River
Wenatchee,2023,Naive4,Total,63558,6.5,6533,18448,47111,121284,281974,Columbia River
Wenatchee,2023,Naive8,Age 3,5,7.5,0,1,5,11,21,Columbia River
Wenatchee,2023,Naive8,Age 4,57366,1.3333333333333333,5573,15892,53775,125937,257342,Columbia River
Wenatchee,2023,Naive8,Age 5,11024,7.166666666666667,960,2808,8761,25966,58081,Columbia River
Wenatchee,2023,Naive8,Total,68395,1.8333333333333333,12250,25378,53286,112613,183915,Columbia River
Wenatchee,2023,SibRegSimple,Age 3,8,4.166666666666667,-0,2,6,14,25,Columbia River
Wenatchee,2023,SibRegSimple,Age 4,137,9,10,32,96,332,696,Columbia River
Wenatchee,2023,SibRegSimple,Age 5,27295,1,8093,14070,24569,38488,54332,Columbia River
Wenatchee,2023,SibRegSimple,Total,27439,9,9344,14603,25087,40320,57586,Columbia River
Wenatchee,2023,SibRegLogPower,Age 3,8,4.166666666666667,-0,2,6,16,31,Columbia River
Wenatchee,2023,SibRegLogPower,Age 4,47211,4.333333333333333,7083,15300,38465,104309,199697,Columbia River
Wenatchee,2023,SibRegLogPower,Age 5,22818,4.166666666666667,3723,8307,18630,39084,68377,Columbia River
Wenatchee,2023,SibRegLogPower,Total,70037,5.25,13949,28403,58073,110706,181493,Columbia River
Wenatchee,2023,SibRegKalman,Age 3,8,4.166666666666667,0,2,7,16,29,Columbia River
Wenatchee,2023,SibRegKalman,Age 4,38824,3.4166666666666665,3093,9103,31132,90006,183559,Columbia River
Wenatchee,2023,SibRegKalman,Age 5,25780,2.1666666666666665,4944,10072,22696,49044,88688,Columbia River
Wenatchee,2023,SibRegKalman,Total,64612,3.8333333333333335,10393,25683,52707,115902,195293,Columbia River
Wenatchee,2023,TimeSeriesArimaBC,Age 3,7,2.5,1,2,5,12,23,Columbia River
Wenatchee,2023,TimeSeriesArimaBC,Age 4,83124,6,8613,18704,64739,181917,391694,Columbia River
Wenatchee,2023,TimeSeriesArimaBC,Age 5,8440,3.8333333333333335,705,2054,6632,20290,45024,Columbia River
Wenatchee,2023,TimeSeriesArimaBC,Total,91571,5.916666666666667,12608,32297,74785,147856,241725,Columbia River
Wenatchee,2023,TimeSeriesArimaNoBC,Age 3,0,1.6666666666666667,-0,-0,0,1,3,Columbia River
Wenatchee,2023,TimeSeriesArimaNoBC,Age 4,87244,7.166666666666667,5451,19088,75984,303066,622417,Columbia River
Wenatchee,2023,TimeSeriesArimaNoBC,Age 5,6248,7.333333333333333,227,1028,4560,21996,57741,Columbia River
Wenatchee,2023,TimeSeriesArimaNoBC,Total,93492,6.166666666666667,18184,36499,74810,142908,238290,Columbia River
Wenatchee,2023,TimeSeriesExpSmoothBC,Age 3,7,5.833333333333333,-0,2,6,15,29,Columbia River
Wenatchee,2023,TimeSeriesExpSmoothBC,Age 4,95085,4.5,6782,21594,68213,216032,443705,Columbia River
Wenatchee,2023,TimeSeriesExpSmoothBC,Age 5,8570,5.333333333333333,803,2633,7206,24482,59558,Columbia River
Wenatchee,2023,TimeSeriesExpSmoothBC,Total,103663,4.333333333333333,14565,35611,80965,174441,302649,Columbia River
Wenatchee,2023,TimeSeriesExpSmoothNoBC,Age 3,183,8.333333333333334,9,29,107,409,1116,Columbia River
Wenatchee,2023,TimeSeriesExpSmoothNoBC,Age 4,62065,2.9166666666666665,3752,12360,47729,156094,352361,Columbia River
Wenatchee,2023,TimeSeriesExpSmoothNoBC,Age 5,7629,5.833333333333333,318,1368,5288,19857,54899,Columbia River
Wenatchee,2023,TimeSeriesExpSmoothNoBC,Total,69878,2.1666666666666665,9726,23692,53609,136297,251539,Columbia River
Wenatchee,2024,Naive4,Age 3,76,4.75,0,6,41,268,802,Columbia River
Wenatchee,2024,Naive4,Age 4,83670,6.5,6419,20091,64124,203814,387240,Columbia River
Wenatchee,2024,Naive4,Age 5,14314,8.333333333333334,546,2403,9490,37006,125658,Columbia River
Wenatchee,2024,Naive4,Total,98059,7.25,11743,26604,81444,205900,397052,Columbia River
Wenatchee,2024,Naive8,Age 3,43,7,0,3,28,206,1204,Columbia River
Wenatchee,2024,Naive8,Age 4,53718,1.75,5795,14608,47377,108892,233532,Columbia River
Wenatchee,2024,Naive8,Age 5,14611,6,929,3420,10792,34374,74033,Columbia River
Wenatchee,2024,Naive8,Total,68372,2.6666666666666665,12330,25408,52461,114336,197678,Columbia River
Wenatchee,2024,SibRegSimple,Age 3,68,3.75,1,8,47,216,648,Columbia River
Wenatchee,2024,SibRegSimple,Age 4,41056,9,3527,11169,34329,94495,197376,Columbia River
Wenatchee,2024,SibRegSimple,Age 5,23275,1.3333333333333333,9701,13188,21440,31253,41927,Columbia River
Wenatchee,2024,SibRegSimple,Total,64399,9,20978,32614,53056,82738,119159,Columbia River
Wenatchee,2024,SibRegLogPower,Age 3,68,3.75,2,11,65,244,813,Columbia River
Wenatchee,2024,SibRegLogPower,Age 4,202793,5.5,25935,60720,184191,433008,760213,Columbia River
Wenatchee,2024,SibRegLogPower,Age 5,21866,2.6666666666666665,3516,7548,17400,41532,72126,Columbia River
Wenatchee,2024,SibRegLogPower,Total,224727,5.333333333333333,36385,79134,171123,377253,561799,Columbia River
Wenatchee,2024,SibRegKalman,Age 3,68,3.75,1,9,56,267,851,Columbia River
Wenatchee,2024,SibRegKalman,Age 4,87386,5.833333333333333,6768,20596,66342,177918,395355,Columbia River
Wenatchee,2024,SibRegKalman,Age 5,23216,2,3869,7874,17588,38297,69757,Columbia River
Wenatchee,2024,SibRegKalman,Total,110670,5.333333333333333,22852,43399,98215,200286,334139,Columbia River
Wenatchee,2024,TimeSeriesArimaBC,Age 3,10,4.416666666666667,-0,1,8,27,67,Columbia River
Wenatchee,2024,TimeSeriesArimaBC,Age 4,77131,5.333333333333333,11854,30481,71448,167688,321269,Columbia River
Wenatchee,2024,TimeSeriesArimaBC,Age 5,9887,4.5,633,2834,9996,31984,81489,Columbia River
Wenatchee,2024,TimeSeriesArimaBC,Total,87027,5.25,17224,34669,73633,152398,230734,Columbia River
Wenatchee,2024,TimeSeriesArimaNoBC,Age 3,0,3.1666666666666665,0,0,0,1,5,Columbia River
Wenatchee,2024,TimeSeriesArimaNoBC,Age 4,76056,5.166666666666667,7389,18022,63509,147970,290701,Columbia River
Wenatchee,2024,TimeSeriesArimaNoBC,Age 5,9694,8,250,1794,7444,25738,72230,Columbia River
Wenatchee,2024,TimeSeriesArimaNoBC,Total,85750,4.833333333333333,19483,38956,70985,122254,198460,Columbia River
Wenatchee,2024,TimeSeriesExpSmoothBC,Age 3,10,5.583333333333333,0,1,8,28,83,Columbia River
Wenatchee,2024,TimeSeriesExpSmoothBC,Age 4,117289,2.5833333333333335,14504,36478,96335,225582,533309,Columbia River
Wenatchee,2024,TimeSeriesExpSmoothBC,Age 5,10058,5.166666666666667,478,1853,7447,28706,85561,Columbia River
Wenatchee,2024,TimeSeriesExpSmoothBC,Total,127357,2.1666666666666665,23125,48212,95297,204920,322732,Columbia River
Wenatchee,2024,TimeSeriesExpSmoothNoBC,Age 3,81,8.833333333333334,2,10,63,278,1167,Columbia River
Wenatchee,2024,TimeSeriesExpSmoothNoBC,Age 4,75335,3.3333333333333335,7069,21605,63168,162792,335340,Columbia River
Wenatchee,2024,TimeSeriesExpSmoothNoBC,Age 5,17051,7,724,3354,14309,51502,138769,Columbia River
Wenatchee,2024,TimeSeriesExpSmoothNoBC,Total,92467,3.1666666666666665,13287,32478,74928,185370,343276,Columbia River
Wenatchee,2025,Naive4,Age 3,76,6.166666666666667,0,5,44,308,1129,Columbia River
Wenatchee,2025,Naive4,Age 4,110296,6.666666666666667,11051,34075,87884,217379,471729,Columbia River
Wenatchee,2025,Naive4,Age 5,19233,7.833333333333333,1048,4270,15445,65001,158233,Columbia River
Wenatchee,2025,Naive4,Total,129606,7,15255,36708,106537,237760,444094,Columbia River
Wenatchee,2025,Naive8,Age 3,43,6.833333333333333,0,3,30,180,612,Columbia River
Wenatchee,2025,Naive8,Age 4,65930,3.75,5856,16152,51219,129364,281101,Columbia River
Wenatchee,2025,Naive8,Age 5,13331,5.333333333333333,1056,3310,11813,35410,77845,Columbia River
Wenatchee,2025,Naive8,Total,79304,4.666666666666667,13505,29672,63830,135687,227812,Columbia River
Wenatchee,2025,SibRegSimple,Age 3,61,4.666666666666667,0,6,31,160,423,Columbia River
Wenatchee,2025,SibRegSimple,Age 4,167,9,8,32,111,457,1091,Columbia River
Wenatchee,2025,SibRegSimple,Age 5,35004,1.3333333333333333,14030,19586,32131,45757,59159,Columbia River
Wenatchee,2025,SibRegSimple,Total,35231,9,11946,18414,30050,52013,72441,Columbia River
Wenatchee,2025,SibRegLogPower,Age 3,61,4.666666666666667,1,9,52,218,699,Columbia River
Wenatchee,2025,SibRegLogPower,Age 4,51721,2.5833333333333335,7579,19152,46372,99676,193642,Columbia River
Wenatchee,2025,SibRegLogPower,Age 5,28499,2.6666666666666665,4156,10240,24387,52914,94827,Columbia River
Wenatchee,2025,SibRegLogPower,Total,80281,2.8333333333333335,15291,33584,64612,121859,180735,Columbia River
Wenatchee,2025,SibRegKalman,Age 3,61,4.666666666666667,1,7,39,177,600,Columbia River
Wenatchee,2025,SibRegKalman,Age 4,90987,7.166666666666667,10184,27236,71637,234810,478587,Columbia River
Wenatchee,2025,SibRegKalman,Age 5,34414,2,7160,14030,30282,64402,110888,Columbia River
Wenatchee,2025,SibRegKalman,Total,125462,5.666666666666667,25881,49946,114967,213184,384047,Columbia River
Wenatchee,2025,TimeSeriesArimaBC,Age 3,9,2.9166666666666665,-0,1,6,24,59,Columbia River
Wenatchee,2025,TimeSeriesArimaBC,Age 4,157416,5.333333333333333,19638,51371,136792,309104,599873,Columbia River
Wenatchee,2025,TimeSeriesArimaBC,Age 5,10232,5.166666666666667,854,2825,9620,23942,51839,Columbia River
Wenatchee,2025,TimeSeriesArimaBC,Total,167657,6,33072,77930,152559,282288,415308,Columbia River
Wenatchee,2025,TimeSeriesArimaNoBC,Age 3,0,3,0,0,0,2,6,Columbia River
Wenatchee,2025,TimeSeriesArimaNoBC,Age 4,142080,5.666666666666667,11395,40798,109029,320102,620354,Columbia River
Wenatchee,2025,TimeSeriesArimaNoBC,Age 5,10152,8.333333333333334,455,1656,8008,29142,91650,Columbia River
Wenatchee,2025,TimeSeriesArimaNoBC,Total,152232,5,30933,69299,131537,221040,307408,Columbia River
Wenatchee,2025,TimeSeriesExpSmoothBC,Age 3,9,3.0833333333333335,0,1,6,19,57,Columbia River
Wenatchee,2025,TimeSeriesExpSmoothBC,Age 4,158443,1.6666666666666667,20475,53612,116191,242000,526120,Columbia River
Wenatchee,2025,TimeSeriesExpSmoothBC,Age 5,10374,5.666666666666667,725,2452,7923,22894,52111,Columbia River
Wenatchee,2025,TimeSeriesExpSmoothBC,Total,168827,1.75,33004,66088,139940,271794,445965,Columbia River
Wenatchee,2025,TimeSeriesExpSmoothNoBC,Age 3,201,9,10,39,134,550,1430,Columbia River
Wenatchee,2025,TimeSeriesExpSmoothNoBC,Age 4,94490,3.1666666666666665,9862,27949,76650,206466,401708,Columbia River
Wenatchee,2025,TimeSeriesExpSmoothNoBC,Age 5,17860,6.666666666666667,880,3072,13099,45981,113551,Columbia River
Wenatchee,2025,TimeSeriesExpSmoothNoBC,Total,112551,3.0833333333333335,17225,40031,94404,206636,362491,Columbia River
Wenatchee,2026,Naive4,Age 3,76,6,2,10,60,288,903,Columbia River
Wenatchee,2026,Naive4,Age 4,113346,5.916666666666667,11895,27162,80446,203288,462401,Columbia River
Wenatchee,2026,Naive4,Age 5,21408,7.833333333333333,1471,4340,17399,50983,119115,Columbia River
Wenatchee,2026,Naive4,Total,134830,6.333333333333333,21578,52502,105777,217234,400527,Columbia River
Wenatchee,2026,Naive8,Age 3,43,7.5,0,4,26,134,449,Columbia River
Wenatchee,2026,Naive8,Age 4,69833,2.8333333333333335,9195,21977,55380,123379,229775,Columbia River
Wenatchee,2026,Naive8,Age 5,13053,5.666666666666667,974,2771,8792,24916,60988,Columbia River
Wenatchee,2026,Naive8,Total,82928,3.1666666666666665,17667,35240,70778,131074,230406,Columbia River
Wenatchee,2026,SibRegSimple,Age 3,61,4.666666666666667,2,9,46,184,500,Columbia River
Wenatchee,2026,SibRegSimple,Age 4,167,8.833333333333334,9,36,129,460,1253,Columbia River
Wenatchee,2026,SibRegSimple,Age 5,8659,1.3333333333333333,3462,5422,8224,11592,15456,Columbia River
Wenatchee,2026,SibRegSimple,Total,8886,8.833333333333334,3145,4710,8550,13464,18671,Columbia River
Wenatchee,2026,SibRegLogPower,Age 3,61,4.666666666666667,2,9,47,205,627,Columbia River
Wenatchee,2026,SibRegLogPower,Age 4,52620,1.4166666666666667,8104,18361,42394,102892,171435,Columbia River
Wenatchee,2026,SibRegLogPower,Age 5,13037,2.3333333333333335,2607,5400,11237,22782,37309,Columbia River
Wenatchee,2026,SibRegLogPower,Total,65717,1.8333333333333333,16545,29942,58349,104005,174946,Columbia River
Wenatchee,2026,SibRegKalman,Age 3,61,4.666666666666667,1,9,46,208,583,Columbia River
Wenatchee,2026,SibRegKalman,Age 4,86732,5.75,10924,27547,75916,182170,342070,Columbia River
Wenatchee,2026,SibRegKalman,Age 5,9786,2.3333333333333335,2251,4484,9275,17114,29245,Columbia River
Wenatchee,2026,SibRegKalman,Total,96579,5.666666666666667,19824,38462,79773,154174,250655,Columbia River
Wenatchee,2026,TimeSeriesArimaBC,Age 3,8,2.9166666666666665,0,1,5,23,54,Columbia River
Wenatchee,2026,TimeSeriesArimaBC,Age 4,119564,7.083333333333333,17646,39128,94630,211284,403416,Columbia River
Wenatchee,2026,TimeSeriesArimaBC,Age 5,10789,5.666666666666667,1088,2604,7670,20102,48186,Columbia River
Wenatchee,2026,TimeSeriesArimaBC,Total,130361,6.333333333333333,27681,55714,109023,211342,389993,Columbia River
Wenatchee,2026,TimeSeriesArimaNoBC,Age 3,0,2.5,-0,-0,-0,1,4,Columbia River
Wenatchee,2026,TimeSeriesArimaNoBC,Age 4,105567,5.5,9694,26735,73245,203770,408922,Columbia River
Wenatchee,2026,TimeSeriesArimaNoBC,Age 5,10506,8.166666666666666,612,2002,9351,29524,70275,Columbia River
Wenatchee,2026,TimeSeriesArimaNoBC,Total,116072,6,27079,54430,101646,175838,294031,Columbia River
Wenatchee,2026,TimeSeriesExpSmoothBC,Age 3,9,3.0833333333333335,-0,1,6,24,59,Columbia River
Wenatchee,2026,TimeSeriesExpSmoothBC,Age 4,119986,4.166666666666667,18897,41976,100223,225025,403138,Columbia River
Wenatchee,2026,TimeSeriesExpSmoothBC,Age 5,10956,6.333333333333333,1012,2656,8588,26464,58425,Columbia River
Wenatchee,2026,TimeSeriesExpSmoothBC,Total,130951,3.1666666666666665,26285,56284,109308,204039,341967,Columbia River
Wenatchee,2026,TimeSeriesExpSmoothNoBC,Age 3,70,9,4,12,52,172,397,Columbia River
Wenatchee,2026,TimeSeriesExpSmoothNoBC,Age 4,81729,3.5,10618,23892,64532,179611,300861,Columbia River
Wenatchee,2026,TimeSeriesExpSmoothNoBC,Age 5,19268,5.333333333333333,1025,3936,15871,51689,126442,Columbia River
Wenatchee,2026,TimeSeriesExpSmoothNoBC,Total,101067,3.6666666666666665,16225,34726,83593,174130,296435,Columbia River
